{
	"partitions" : [
		{
			"name" : "Top",
			"pins" : [
				{
					"name" : "LEDS[8]",
					"strict" : false
				},
				{
					"name" : "LEDS[7]",
					"strict" : false
				},
				{
					"name" : "LEDS[6]",
					"strict" : false
				},
				{
					"name" : "LEDS[5]",
					"strict" : false
				},
				{
					"name" : "LEDS[4]",
					"strict" : false
				},
				{
					"name" : "LEDS[3]",
					"strict" : false
				},
				{
					"name" : "LEDS[2]",
					"strict" : false
				},
				{
					"name" : "LEDS[1]",
					"strict" : false
				},
				{
					"name" : "LEDS[0]",
					"strict" : false
				},
				{
					"name" : "mathType",
					"strict" : false
				},
				{
					"name" : "number[7]",
					"strict" : false
				},
				{
					"name" : "secondLatch",
					"strict" : false
				},
				{
					"name" : "firstLatch",
					"strict" : false
				},
				{
					"name" : "number[6]",
					"strict" : false
				},
				{
					"name" : "number[5]",
					"strict" : false
				},
				{
					"name" : "number[4]",
					"strict" : false
				},
				{
					"name" : "number[3]",
					"strict" : false
				},
				{
					"name" : "number[2]",
					"strict" : false
				},
				{
					"name" : "number[1]",
					"strict" : false
				},
				{
					"name" : "number[0]",
					"strict" : false
				}
			]
		}
	]
}