{
	"partitions" : [
		{
			"name" : "Top",
			"pins" : [
				{
					"name" : "overflow",
					"strict" : false
				},
				{
					"name" : "disp1[6]",
					"strict" : false
				},
				{
					"name" : "disp1[5]",
					"strict" : false
				},
				{
					"name" : "disp1[4]",
					"strict" : false
				},
				{
					"name" : "disp1[3]",
					"strict" : false
				},
				{
					"name" : "disp1[2]",
					"strict" : false
				},
				{
					"name" : "disp1[1]",
					"strict" : false
				},
				{
					"name" : "disp1[0]",
					"strict" : false
				},
				{
					"name" : "disp2[6]",
					"strict" : false
				},
				{
					"name" : "disp2[5]",
					"strict" : false
				},
				{
					"name" : "disp2[4]",
					"strict" : false
				},
				{
					"name" : "disp2[3]",
					"strict" : false
				},
				{
					"name" : "disp2[2]",
					"strict" : false
				},
				{
					"name" : "disp2[1]",
					"strict" : false
				},
				{
					"name" : "disp2[0]",
					"strict" : false
				},
				{
					"name" : "disp3[6]",
					"strict" : false
				},
				{
					"name" : "disp3[5]",
					"strict" : false
				},
				{
					"name" : "disp3[4]",
					"strict" : false
				},
				{
					"name" : "disp3[3]",
					"strict" : false
				},
				{
					"name" : "disp3[2]",
					"strict" : false
				},
				{
					"name" : "disp3[1]",
					"strict" : false
				},
				{
					"name" : "disp3[0]",
					"strict" : false
				},
				{
					"name" : "disp4[6]",
					"strict" : false
				},
				{
					"name" : "disp4[5]",
					"strict" : false
				},
				{
					"name" : "disp4[4]",
					"strict" : false
				},
				{
					"name" : "disp4[3]",
					"strict" : false
				},
				{
					"name" : "disp4[2]",
					"strict" : false
				},
				{
					"name" : "disp4[1]",
					"strict" : false
				},
				{
					"name" : "disp4[0]",
					"strict" : false
				},
				{
					"name" : "disp5[6]",
					"strict" : false
				},
				{
					"name" : "disp5[5]",
					"strict" : false
				},
				{
					"name" : "disp5[4]",
					"strict" : false
				},
				{
					"name" : "disp5[3]",
					"strict" : false
				},
				{
					"name" : "disp5[2]",
					"strict" : false
				},
				{
					"name" : "disp5[1]",
					"strict" : false
				},
				{
					"name" : "disp5[0]",
					"strict" : false
				},
				{
					"name" : "disp6[6]",
					"strict" : false
				},
				{
					"name" : "disp6[5]",
					"strict" : false
				},
				{
					"name" : "disp6[4]",
					"strict" : false
				},
				{
					"name" : "disp6[3]",
					"strict" : false
				},
				{
					"name" : "disp6[2]",
					"strict" : false
				},
				{
					"name" : "disp6[1]",
					"strict" : false
				},
				{
					"name" : "disp6[0]",
					"strict" : false
				},
				{
					"name" : "MathType",
					"strict" : false
				},
				{
					"name" : "BCDDigOne[0]",
					"strict" : false
				},
				{
					"name" : "LatchOne",
					"strict" : false
				},
				{
					"name" : "BCDDigOne[1]",
					"strict" : false
				},
				{
					"name" : "BCDDigOne[2]",
					"strict" : false
				},
				{
					"name" : "BCDDigOne[3]",
					"strict" : false
				},
				{
					"name" : "BCDDigTwo[0]",
					"strict" : false
				},
				{
					"name" : "BCDDigTwo[1]",
					"strict" : false
				},
				{
					"name" : "BCDDigTwo[2]",
					"strict" : false
				},
				{
					"name" : "BCDDigTwo[3]",
					"strict" : false
				},
				{
					"name" : "LatchTwo",
					"strict" : false
				}
			]
		}
	]
}