{
	"partitions" : [
		{
			"name" : "Top",
			"pins" : [
				{
					"name" : "MSD[6]",
					"strict" : false
				},
				{
					"name" : "MSD[5]",
					"strict" : false
				},
				{
					"name" : "MSD[4]",
					"strict" : false
				},
				{
					"name" : "MSD[3]",
					"strict" : false
				},
				{
					"name" : "MSD[2]",
					"strict" : false
				},
				{
					"name" : "MSD[1]",
					"strict" : false
				},
				{
					"name" : "MSD[0]",
					"strict" : false
				},
				{
					"name" : "LSD[6]",
					"strict" : false
				},
				{
					"name" : "LSD[5]",
					"strict" : false
				},
				{
					"name" : "LSD[4]",
					"strict" : false
				},
				{
					"name" : "LSD[3]",
					"strict" : false
				},
				{
					"name" : "LSD[2]",
					"strict" : false
				},
				{
					"name" : "LSD[1]",
					"strict" : false
				},
				{
					"name" : "LSD[0]",
					"strict" : false
				},
				{
					"name" : "KEY0",
					"strict" : false
				},
				{
					"name" : "CLK_50",
					"strict" : false
				}
			]
		}
	]
}